"time","T","der(T)","T_out"
0,22,-0.007,15
1,21.99301439723475,-0.006971208910800161,15.02180548643459
2,21.98605756482445,-0.006942447006679485,15.04361055814496
3,21.97912945656177,-0.006913714656146976,15.0654148004148
4,21.97223006914183,-0.006885012270598301,15.08721779854353
5,21.96535928715041,-0.006856340149296123,15.10901913785428
6,21.95851713179312,-0.006827698728091408,15.13081840370171
7,21.95170361114995,-0.006799088429670046,15.1526151814799
8,21.94491872522091,-0.006770509668590625,15.17440905663028
9,21.93816210853501,-0.006741962493885536,15.19619961464947
10,21.93143387366665,-0.006713447432569461,15.21798644109719
11,21.92473408930998,-0.006684964967705879,15.2397691216041
12,21.918062755465,-0.006656515513585239,15.26154724187976
13,21.91141987213171,-0.006628099484411283,15.28332038772043
14,21.90480543931012,-0.00659971729429313,15.30508814501699
15,21.89821945700021,-0.006571369357237412,15.3268500997628
16,21.89166192520199,-0.006543056087140409,15.34860583806159
17,21.88513231395236,-0.006514777367817049,15.37035494613531
18,21.87863066657406,-0.00648653365624203,15.39209701033203
19,21.87215727469431,-0.006458325657560538,15.41383161713377
20,21.86571213831312,-0.00643015378514872,15.4355583531644
21,21.85929525743049,-0.00640201845223301,15.45727680519748
22,21.85290663204641,-0.006373920071882301,15.47898656016411
23,21.84654626216089,-0.006345859057000064,15.50068720516083
24,21.84021414777393,-0.006317835820316503,15.52237832745742
25,21.83390976035347,-0.006289850245848673,15.5440595145048
26,21.82763270770291,-0.006261902353760077,15.56573035394283
27,21.82138362191105,-0.006233993188302867,15.58739043360818
28,21.81516250297789,-0.006206123161435725,15.60903934154216
29,21.80896935090343,-0.006178292684904857,15.63067666599857
30,21.80280416568767,-0.006150502170236166,15.65230199545151
31,21.79666694733061,-0.006122752028727408,15.67391491860321
32,21.79055769583226,-0.006095042671440392,15.69551502439186
33,21.7844760959785,-0.006067374193979047,15.71710190199945
34,21.7784212273575,-0.00603974608649796,15.73867514085954
35,21.7723940044438,-0.006012159673778726,15.76023433066508
36,21.76639442723743,-0.005984615365861186,15.78177906137624
37,21.76042249573836,-0.005957113572510176,15.80330892322818
38,21.75447820994661,-0.005929654703207731,15.82482350673888
39,21.74856156986217,-0.005902239167145314,15.84632240271686
40,21.74267257548505,-0.005874867373216011,15.86780520226903
41,21.73681118941387,-0.005847539692605416,15.88927149680846
42,21.73097639404024,-0.005820255515978145,15.91072087806209
43,21.72516887066443,-0.005793015932585856,15.93215293807858
44,21.71938857881106,-0.00576582130957507,15.95356726923599
45,21.7136354780047,-0.005738672013755088,15.97496346424961
46,21.70790952776995,-0.005711568411590319,15.99634111617963
47,21.70221068763138,-0.005684510869192451,16.01769981843893
48,21.6965389171136,-0.005657499752312794,16.0390391648008
49,21.69089417574119,-0.005630535426334514,16.06035874940667
50,21.68527642303873,-0.005603618256264905,16.08165816677382
51,21.67968561853081,-0.00557674860672773,16.10293701180308
52,21.67412172174204,-0.005549926841955458,16.12419487978658
53,21.66858469219698,-0.005523153325781596,16.14543136641539
54,21.66307448942024,-0.005496428421632992,16.16664606778725
55,21.65759107293639,-0.005469752492522148,16.18783858041424
56,21.65213440227003,-0.005443125901039565,16.20900850123047
57,21.64670443694575,-0.005416549009346067,16.23015542759969
58,21.64130083905562,-0.005390021881732605,16.25127895732302
59,21.6359236347828,-0.005363544946136251,16.27237868864655
60,21.63057291771056,-0.005337118697441553,16.29345422026901
61,21.6252486410465,-0.00531074348969711,16.31450515134939
62,21.6199507579982,-0.005284419676483658,16.33553108151454
63,21.61467922177328,-0.005258147610906431,16.35653161086685
64,21.60943398557932,-0.005231927645587536,16.37750633999178
65,21.60421500262392,-0.005205760132658409,16.39845486996551
66,21.59902222611468,-0.005179645423752181,16.4193768023625
67,21.59385560925918,-0.005153583869996108,16.44027173926307
68,21.58871510526504,-0.005127575822004037,16.461139283261
69,21.58360066733984,-0.005101621629868805,16.48197903747104
70,21.57851224869118,-0.005075721643154712,16.50279060553647
71,21.57344980252665,-0.00504987621088997,16.52357359163668
72,21.56841328205386,-0.0050240856815592,16.54432760049466
73,21.56340264048039,-0.004998350403095881,16.56505223738451
74,21.55841762456279,-0.004972670516423808,16.58574710813898
75,21.55345775550016,-0.004947045936343226,16.60641181915694
76,21.54852347938939,-0.004921477501978515,16.62704597741087
77,21.54361474119372,-0.004895965550739358,16.64764919045436
78,21.53873148587641,-0.004870510419446866,16.66822106642955
79,21.53387365840074,-0.004845112444326169,16.68876121407457
80,21.52904120372994,-0.004819771960998924,16.70926924273102
81,21.52423406682729,-0.004794489304475931,16.72974476235136
82,21.51945219265604,-0.004769264809149664,16.75018738350638
83,21.51469552617944,-0.004744098808786915,16.77059671739253
84,21.50996401236078,-0.004718991636521377,16.7909723758394
85,21.50525759616327,-0.004693943624846238,16.81131397131703
86,21.5005762225502,-0.004668955105606856,16.83162111694335
87,21.49591983648483,-0.00464402640999338,16.85189342649145
88,21.49128838293041,-0.004619157868533385,16.87213051439703
89,21.4866818068502,-0.004594349811084566,16.89233199576564
90,21.48210005320746,-0.004569602566827416,16.91249748638005
91,21.47754278284677,-0.004544916180139211,16.93262660270756
92,21.47301013544832,-0.004520291173541051,16.95271896190727
93,21.46850208510506,-0.004495727903267685,16.97277418183738
94,21.46401857348184,-0.004471226692419396,16.99279188106244
95,21.45955954224349,-0.004446787863382852,17.01277167886063
96,21.45512493305484,-0.004422411737823847,17.03271319523099
97,21.45071468758074,-0.004398098636680114,17.05261605090062
98,21.44632874748602,-0.004373848880154075,17.07247986733195
99,21.44196705443552,-0.004349662787705654,17.09230426672987
100,21.43762955009408,-0.004325540678045094,17.11208887204899
101,21.43331617612654,-0.004301482869125781,17.13183330700075
102,21.42902687419772,-0.004277489678137097,17.15153719606062
103,21.42476158597248,-0.004253561421497278,17.1712001644752
104,21.42052025311564,-0.004229698414846258,17.19082183826939
105,21.41630281729205,-0.004205900973038585,17.21040184425346
106,21.41210922016654,-0.004182169410136336,17.22993981003021
107,21.40793916985387,-0.004158503805851908,17.24943536400196
108,21.40379254927463,-0.004134904413896908,17.26888813537773
109,21.39966950405356,-0.004111371749873378,17.28829775418018
110,21.39556997091755,-0.004087906119664812,17.30766385125273
111,21.39149388659353,-0.004064507828326964,17.32698605826656
112,21.38744118780841,-0.004041177180080836,17.34626400772758
113,21.38341181128913,-0.004017914478305674,17.36549733298345
114,21.37940569376258,-0.003994720025532007,17.38468566823057
115,21.37542277195569,-0.003971594123434695,17.403828648521
116,21.37146298259539,-0.003948537072825975,17.42292590976941
117,21.36752626240857,-0.003925549173648538,17.44197708876004
118,21.36361254812218,-0.003902630724968627,17.46098182315355
119,21.35972177646311,-0.003879782024969149,17.47993975149397
120,21.3558538841583,-0.003857003370942792,17.49885051321551
121,21.35200880793466,-0.003834295059285154,17.5177137486495
122,21.3481864845191,-0.003811657385487944,17.53652909903115
123,21.3443867986471,-0.003789090592140674,17.55529620650642
124,21.34060930594774,-0.003766594591808925,17.57401471413882
125,21.33685427046993,-0.003744170004553748,17.59268426591618
126,21.33312161884026,-0.003721817112082818,17.61130450675744
127,21.32941127729982,-0.003699536194780411,17.6298750825194
128,21.32572317170411,-0.003677327531700652,17.64839564000346
129,21.32205722752311,-0.003655191400560803,17.66686582696231
130,21.31841336984123,-0.003633128077734554,17.68528529210667
131,21.31479152335733,-0.003611137838245384,17.70365368511195
132,21.31119161238471,-0.003589220955759828,17.72197065662488
133,21.30761356085115,-0.003567377702580895,17.74023585827025
134,21.30405729229884,-0.003545608349641409,17.75844894265743
135,21.30052272988444,-0.003523913166497415,17.77660956338702
136,21.29700979637905,-0.003502292421321577,17.79471737505747
137,21.29351841416824,-0.003480746380896637,17.8127720332716
138,21.29004850525198,-0.003459275310608824,17.83077319464316
139,21.28659999124475,-0.003437879474441359,17.84872051680339
140,21.28317289048332,-0.003416559232075809,17.86661365840751
141,21.27976708695433,-0.003395314807813133,17.88445227914119
142,21.27638247294709,-0.003374146433219998,17.90223603972709
143,21.27301897149663,-0.003353054369565406,17.91996460193122
144,21.26967650536292,-0.003332038876793458,17.93763762856946
145,21.26635499703089,-0.00331110021351698,17.95525478351392
146,21.2630543687104,-0.003290238637011058,17.97281573169934
147,21.25977454233626,-0.003269454403206765,17.9903201391295
148,21.25651543956823,-0.00324874776668473,18.0077676728835
149,21.25327698179102,-0.003228118980668839,18.02515800112219
150,21.25005909011428,-0.003207568297019915,18.04249079309437
151,21.2468616853726,-0.003187095966229439,18.05976571914317
152,21.24368468812554,-0.003166702237413258,18.07698245071228
153,21.24052801865757,-0.003146387358305351,18.09414066035222
154,21.23739159697814,-0.003126151575251619,18.11124002172652
155,21.23427534282163,-0.003105995133203639,18.12828020961799
156,21.23117920788853,-0.003085918307953666,18.14526089993487
157,21.22810315227815,-0.003065921382561161,18.16218176971699
158,21.22504704413407,-0.003046004546992144,18.17904249714193
159,21.2220108042015,-0.00302616804267037,18.19584276153113
160,21.21899435303049,-0.003006412109674482,18.212582243356
161,21.21599761097588,-0.002986736986731898,18.22926062424398
162,21.21302049819737,-0.002967142911212761,18.24587758698461
163,21.21006293465947,-0.002947630119123922,18.26243281553555
164,21.20712484013149,-0.002928198845102884,18.27892599502861
165,21.2042061341876,-0.002908849322411889,18.29535681177572
166,21.20130673620677,-0.00288958178293187,18.3117249532749
167,21.19842656537278,-0.00287039645715657,18.32803010821621
168,21.19556554067427,-0.002851293574186591,18.34427196648768
169,21.19272358090467,-0.002832273361723495,18.36045021918117
170,21.18990060466223,-0.002813336046063931,18.3765645585983
171,21.18709653035008,-0.002794481852093814,18.39261467825626
172,21.18431127617608,-0.002775711003282439,18.40860027289364
173,21.18154473875318,-0.002757023700276914,18.42452103847627
174,21.17879685180029,-0.002738420179597323,18.44037667220296
175,21.17606753308286,-0.002719900660571561,18.4561668725113
176,21.17335669953958,-0.002701465360456226,18.47189133908336
177,21.17066426789589,-0.002683114495044471,18.48754977285142
178,21.16799015466399,-0.002664848278660326,18.50314187600366
179,21.16533427614282,-0.002646666924152999,18.51866735198982
180,21.1626965484181,-0.002628570642891269,18.53412590552683
181,21.16007688736231,-0.002610559644757864,18.54951724260444
182,21.15747520863468,-0.002592634138143857,18.56484107049083
183,21.15489142768121,-0.002574794329943106,18.5800970977381
184,21.15232545973463,-0.002557040425546713,18.59528503418792
185,21.14977721981448,-0.002539372628837498,18.61040459097698
186,21.14724662272701,-0.002521791142184512,18.6254554805425
187,21.14473358306525,-0.002504296166437573,18.64043741662768
188,21.14223801520901,-0.002486887900921808,18.6553501142872
189,21.13975980135874,-0.002469566511466151,18.67019328989259
190,21.13729885500408,-0.002452332193866464,18.68496666113762
191,21.134855108974,-0.002435185161930288,18.69966994704371
192,21.13242847555323,-0.002418125607587996,18.71430286796524
193,21.1300188667667,-0.002401153721171823,18.72886514559488
194,21.12762619437949,-0.002384269691410598,18.74335650296889
195,21.12525036989685,-0.002367473705424469,18.75777666447238
196,21.12289130456422,-0.002350765948719676,18.77212535584454
197,21.12054890936718,-0.002334146605183296,18.78640230418389
198,21.11822309503154,-0.00231761585707811,18.80060723795343
199,21.1159137720232,-0.002301173885037375,18.81473988698583
200,21.11362085054829,-0.002284820868059725,18.82879998248857
201,21.11134424055311,-0.00226855698350408,18.84278725704903
202,21.1090838517241,-0.002252382407084493,18.85670144463961
203,21.10683959348789,-0.00223629731286514,18.87054228062275
204,21.10461137501128,-0.002220301873255284,18.884309501756
205,21.10239910520125,-0.002204396259004259,18.89800284619699
206,21.10020269270492,-0.00218858063919647,18.91162205350845
207,21.09802204590962,-0.002172855181246483,18.92516686466314
208,21.09585707294283,-0.002157220050894065,18.93863702204876
209,21.0937076816722,-0.002141675412199298,18.95203226947291
210,21.09157377970557,-0.002126221427537697,18.96535235216787
211,21.08945527439092,-0.002110858257595385,18.97859701679554
212,21.08735207281644,-0.002095586061364248,18.99176601145219
213,21.08526408181045,-0.002080404996137155,19.0048590856733
214,21.08319120794147,-0.002065315217503201,19.01787599043827
215,21.08113335751819,-0.002050316879342969,19.03081647817523
216,21.07909043658946,-0.002035410133823809,19.04368030276565
217,21.0770623509443,-0.002020595131395172,19.05646721954913
218,21.07504900611191,-0.002005872020783958,19.06917698532796
219,21.07305030736166,-0.001991240948989862,19.0818093583718
220,21.07106615970309,-0.001976702061280818,19.09436409842228
221,21.06909646788592,-0.001962255501188405,19.10684096669751
222,21.06714145005224,-0.001947901724155528,19.11923972589671
223,21.06520081322292,-0.001933640673018274,19.13156014020465
224,21.06327439873506,-0.001919472423438904,19.14380197529616
225,21.06136211354099,-0.001905397115200394,19.1559649983406
226,21.05946386441599,-0.00189141488640972,19.16804897800627
227,21.05757955795822,-0.00187752587349339,19.18005368446483
228,21.05570910058877,-0.00186373021119314,19.19197888939563
229,21.05385239855166,-0.001850028032561546,19.20382436599011
230,21.05200935791379,-0.001836419468957722,19.21558988895607
231,21.05017988456501,-0.001822904650043043,19.22727523452197
232,21.04836388421805,-0.001809483703776877,19.23888018044117
233,21.04656126240858,-0.00179615675641238,19.2504045059962
234,21.04477192449518,-0.001782923932492256,19.26184799200292
235,21.04299577565934,-0.001769785354844643,19.27321042081469
236,21.04123272090545,-0.001756741144578925,19.28449157632652
237,21.03948266506083,-0.001743791421081649,19.29569124397919
238,21.03774551277573,-0.001730936302012445,19.30680921076328
239,21.03602116852328,-0.001718175903299954,19.31784526522333
240,21.03430953659955,-0.001705510339137824,19.32879919746172
241,21.03261052112351,-0.001692939721980721,19.33967079914278
242,21.03092402603705,-0.001680464162540357,19.35045986349669
243,21.02924995510497,-0.001668083769781546,19.36116618532343
244,21.027588211915,-0.001655798650918324,19.37178956099667
245,21.02593869987775,-0.001643608911410066,19.38232978846769
246,21.0243013222268,-0.001631514654957662,19.39278666726914
247,21.02267598201858,-0.001619515983499646,19.40315999851893
248,21.02106258213247,-0.001607612997208484,19.41344958492398
249,21.01946102527077,-0.001595805794486793,19.42365523078398
250,21.01787121395867,-0.001584094471963596,19.43377674199508
251,21.01629310523199,-0.001572479179178355,19.44381392605363
252,21.01472667384095,-0.001560960081781118,19.45376659205983
253,21.01317171670363,-0.001549537165982301,19.46363455072133
254,21.01162813685135,-0.001538210522494492,19.47341761435685
255,21.01009583716565,-0.001526980240265868,19.48311559689978
256,21.00857472037834,-0.001515846406476694,19.49272831390165
257,21.0070646890715,-0.001504809106535799,19.5022555825357
258,21.00556564567743,-0.001493868424077089,19.51169722160034
259,21.0040774924787,-0.001483024440956125,19.52105305152257
260,21.00260013160812,-0.001472277237246679,19.53032289436144
261,21.00113346504876,-0.001461626891237376,19.53950657381139
262,20.99967739463396,-0.00145107347942832,19.54860391520564
263,20.99823182204726,-0.001440617076527783,19.55761474551948
264,20.99679664882251,-0.001430257755448917,19.56653889337359
265,20.99537177634377,-0.001419995587306488,19.57537618903729
266,20.99395710584538,-0.001409830641413645,19.58412646443174
267,20.99255253841191,-0.001399762985278724,19.59278955313319
268,20.99115797497819,-0.001389792684602096,19.6013652903761
269,20.98977331632931,-0.001379919803273019,19.60985351305629
270,20.9883984631006,-0.001370144403366549,19.61825405973405
271,20.98703331577765,-0.001360466545140444,19.6265667706372
272,20.98567777469629,-0.00135088628703215,19.63479148766414
273,20.98433174004262,-0.001341403685655802,19.64292805438681
274,20.98299511185296,-0.001332018795799201,19.65097631605376
275,20.98166779001394,-0.001322731670420936,19.658936119593
276,20.98034967426236,-0.001313542360647411,19.66680731361495
277,20.97904066418536,-0.001304450915770022,19.67458974841534
278,20.97774092767738,-0.001295457651699376,19.682283275978
279,20.97645021035542,-0.001286562460377674,19.68988774997774
280,20.97516834463065,-0.001277765318847557,19.6974030257831
281,20.97389523215857,-0.001269066271699497,19.70482896045907
282,20.97263077450399,-0.001260465361734095,19.7121654127699
283,20.97137487314112,-0.001251962629959447,19.71941224318167
284,20.9701274294535,-0.00124355811558846,19.72656931386504
285,20.96888834473405,-0.001235251856036228,19.73363648869783
286,20.96765752018504,-0.001227043886917453,19.74061363326758
287,20.96643485691809,-0.001218934242043904,19.74750061487419
288,20.96522025595419,-0.001210922953421839,19.75429730253235
289,20.96401361822369,-0.001203010051249592,19.7610035669741
290,20.96281484456629,-0.001195195563915046,19.76761928065124
291,20.96162383573106,-0.00118747951799325,19.77414431773781
292,20.96044049237641,-0.001179861938243992,19.78057855413242
293,20.95926471507013,-0.001172342847609471,19.78692186746066
294,20.95809640428935,-0.001164922267211949,19.7931741370774
295,20.95693546042058,-0.001157600216351476,19.79933524406911
296,20.95578178375967,-0.001150376712503597,19.80540507125608
297,20.95463527451184,-0.00114325177131715,19.81138350319469
298,20.95349583279165,-0.001136225406612052,19.8172704261796
299,20.95236335862305,-0.001129297630377163,19.82306572824589
300,20.95123775193932,-0.001122468452768125,19.82876929917119
301,20.95011891258312,-0.001115737882105307,19.83438103047781
302,20.94900674030645,-0.001109105924871667,19.83990081543478
303,20.94790113477068,-0.00110257258571081,19.84532854905987
304,20.94680203765149,-0.001096137909529894,19.8506641281216
305,20.94570945351282,-0.001089802002371616,19.8559074511412
306,20.94462315988865,-0.001083564741494097,19.86105841839456
307,20.94354305757302,-0.001077426125658938,19.86611693191408
308,20.94246904730467,-0.001071386151814078,19.87108289549059
309,20.94140102976705,-0.001065444815091922,19.87595621467513
310,20.94033890558833,-0.001059602108807557,19.88073679678077
311,20.93928257534139,-0.001053858024457,19.88542455088439
312,20.93823193954382,-0.001048212551715452,19.89001938782837
313,20.93718689865795,-0.001042665678435636,19.89452122022231
314,20.93614735309077,-0.001037217390646081,19.89892996244469
315,20.93511320319402,-0.001031867672549534,19.90324553064449
316,20.93408434926418,-0.001026616506521375,19.9074678427428
317,20.93306069154238,-0.001021463873107997,19.91159681843438
318,20.9320421302145,-0.00101640975102535,19.91563237918915
319,20.93102856541113,-0.001011454117157392,19.91957444825374
320,20.93001989720759,-0.001006596946554669,19.92342295065292
321,20.92901602562387,-0.001001838212432862,19.92717781319101
322,20.92801685062471,-0.0009971778861714107,19.9308389644533
323,20.92702227211956,-0.0009926159373121379,19.93440633480742
324,20.92603218996256,-0.0009881523335579488,19.93787985640461
325,20.92504650395259,-0.0009837870407715208,19.94125946318107
326,20.92406511383324,-0.0009795200229740573,19.94454509085918
327,20.92308791929279,-0.0009753512423440683,19.94773667694872
328,20.92211481996426,-0.0009712806592161556,19.9508341607481
329,20.92114571542537,-0.0009673082320799082,19.95383748334546
330,20.92018050519856,-0.0009634339175787225,19.95674658761983
331,20.91921927776255,-0.0009596578595203447,19.9595614182422
332,20.91826185643691,-0.0009559799347603253,19.96228192167658
333,20.91730806705218,-0.0009524000208711847,19.964908046181
334,20.91635781122449,-0.0009489180694159743,19.96743974180852
335,20.91541099056974,-0.0009455340301615927,19.96987696040815
336,20.91446750670366,-0.0009422478510778483,19.97221965562581
337,20.91352726124179,-0.0009390594783366169,19.97446778290517
338,20.91259015579947,-0.0009359688563109607,19.97662129948851
339,20.91165609199187,-0.0009329759275743328,19.97868016441754
340,20.91072497143396,-0.0009300806328997879,19.98064433853417
341,20.90979669574052,-0.0009272829112592618,19.98251378448126
342,20.90887116652615,-0.0009245826998228139,19.98428846670333
343,20.90794828540525,-0.0009219799339580028,19.98596835144725
344,20.90702795399205,-0.0009194745472292069,19.98755340676284
345,20.90611007390056,-0.0009170664713970318,19.98904360250353
346,20.90519454674464,-0.0009147556364177447,19.99043891032689
347,20.90428127413794,-0.0009125419704427209,19.99173930369522
348,20.90337015769391,-0.0009104253998179317,19.99294475787597
349,20.90246109902584,-0.0009084058490835147,19.99405524994232
350,20.9015539997468,-0.0009064832409732837,19.99507075877352
351,20.9006487614697,-0.0009046574964143623,19.99599126505534
352,20.89974528580726,-0.000902928534526815,19.99681675128044
353,20.89884347437198,-0.0009012962726232985,19.99754720174868
354,20.8979432287762,-0.0008997606262087637,19.99818260256743
355,20.89704445063206,-0.0008983215089802137,19.99872294165185
356,20.89614704155152,-0.0008969788328264557,19.99916820872507
357,20.89525093532202,-0.0008957325400035749,19.99951839531845
358,20.8943561901184,-0.0008945826953467026,19.99977349477169
359,20.89346254875872,-0.0008935290465257033,19.99993350223301
360,20.8925699146472,-0.0008925714999880263,19.99999841465917
361,20.89167819123111,-0.0008917099604155184,19.99996823081559
362,20.89078728200076,-0.0008909443307244196,19.99984295127634
363,20.8898970904895,-0.0008902745120653605,19.99962257842414
364,20.88900752027374,-0.0008897004038234151,19.99930711645033
365,20.88811847497294,-0.0008892219036181856,19.99889657135475
366,20.88722985824958,-0.0008888389073039029,19.99839095094568
367,20.88634157380923,-0.0008885513089695998,19.99779026483963
368,20.88545352540047,-0.0008883590009392499,19.99709452446122
369,20.88456561681494,-0.0008882618737720342,19.9963037430429
370,20.88367775188733,-0.0008882598162625648,19.99541793562476
371,20.88278983449538,-0.0008883527154411794,19.9944371190542
372,20.88190176855987,-0.0008885404565742476,19.99336131198563
373,20.88101345804464,-0.0008888229231645504,19.99219053488009
374,20.88012480695655,-0.0008891999969516462,19.99092481000491
375,20.87923571934554,-0.0008896715579123154,19.98956416143322
376,20.87834609930457,-0.0008902374842609965,19.98810861504357
377,20.87745585096966,-0.0008908976524502954,19.98655819851937
378,20.87656487851989,-0.0008916519371715025,19.98491294134838
379,20.87567308617736,-0.0008925002113551663,19.98317287482219
380,20.87478037820723,-0.0008934423461716499,19.98133803203558
381,20.87388665891773,-0.0008944782110318314,19.97940844788589
382,20.87299183266008,-0.000895607673587687,19.97738415907239
383,20.87209580382861,-0.0008968305997330504,19.97526520409556
384,20.8711986230918,-0.0008981469998354612,19.97305162325634
385,20.87030016668522,-0.0008995567080298059,19.97074345865541
386,20.86940025581926,-0.0009010595016269108,19.96834075419235
387,20.86849879710378,-0.0009026552415389552,19.96584355556482
388,20.86759569724039,-0.0009043437869726923,19.96325191026769
389,20.8666908630225,-0.0009061249954303534,19.96056586759214
390,20.86578420133529,-0.0009079987227105769,19.95778547862472
391,20.86487561915576,-0.0009099648229094051,19.95491079624635
392,20.86396502355263,-0.0009120231484212483,19.95194187513138
393,20.86305232168644,-0.0009141735499399601,19.94887877174648
394,20.86213742080951,-0.0009164158764598902,19.94572154434962
395,20.86122022826592,-0.0009187499752769988,19.94247025298892
396,20.86030065149156,-0.0009211756919900189,19.93912495950154
397,20.85937859801409,-0.0009236928705016005,19.93568572751249
398,20.85845397545294,-0.0009263013530195216,19.93215262243342
399,20.85752669151934,-0.0009290009800579817,19.92852571146135
400,20.85659665401627,-0.0009317915904387953,19.92480506357748
401,20.85566377083854,-0.0009346730212927917,19.92099074954575
402,20.8547279499727,-0.0009376451080611047,19.9170828419116
403,20.8537890994971,-0.0009407076844965588,19.91308141500054
404,20.85284712758186,-0.0009438605826651135,19.90898654491675
405,20.85190194248891,-0.0009471036329472788,19.90479830954163
406,20.85095345257192,-0.0009504366640396036,19.90051678853232
407,20.85000156627637,-0.0009538595029562024,19.89614206332017
408,20.84904619213951,-0.0009573719750302843,19.89167421710923
409,20.84808723879038,-0.0009609739039157646,19.88711333487462
410,20.84712462481934,-0.0009646651214583919,19.88245950336094
411,20.84615838552937,-0.000968445574448733,19.87771281108064
412,20.84518831630698,-0.0009723149679947092,19.87287334831228
413,20.84421432792511,-0.0009762731208262494,19.86794120709886
414,20.84323633132284,-0.0009803198500767749,19.86291648124606
415,20.84225423760676,-0.0009844549712863114,19.85779926632045
416,20.84126795805232,-0.0009886782984046575,19.85258965964766
417,20.84027740410516,-0.0009929896437945835,19.84728776031057
418,20.83928248738247,-0.0009973888182350948,19.84189366914737
419,20.83828311967431,-0.001001875630924626,19.83640748874969
420,20.83727921294505,-0.00100644988948444,19.83082932346061
421,20.83627067933458,-0.001011111399961862,19.82515927937272
422,20.83525743115978,-0.00101585996683373,19.81939746432605
423,20.83423938091579,-0.001020695393009728,19.81354398790607
424,20.8332164412774,-0.001025617479835848,19.80759896144156
425,20.83218852510039,-0.00103062602709787,19.80156249800252
426,20.83115554542287,-0.001035720833024833,19.79543471239803
427,20.83011741546661,-0.001040901694292575,19.78921572117404
428,20.82907404863846,-0.001046168406027316,19.78290564261114
429,20.82802535853161,-0.001051520761809229,19.77650459672238
430,20.82697125892699,-0.001056958553676086,19.7700127052509
431,20.8259116637946,-0.001062481572126927,19.76343009166767
432,20.82484648729487,-0.001068089606125731,19.75675688116914
433,20.82377564378002,-0.001073782443105188,19.74999320067483
434,20.82269904779536,-0.001079559868970417,19.74313917882494
435,20.82161661408068,-0.001085421668102793,19.73619494597789
436,20.82052825757161,-0.001091367623363759,19.72916063420785
437,20.81943394205382,-0.001097397564751599,19.72203637730222
438,20.81833358828215,-0.00110351127752304,19.71482231075911
439,20.81722707323593,-0.001109708501451216,19.70751857178471
440,20.81611431383628,-0.001115989014545548,19.70012529929074
441,20.81499522725613,-0.001122352593364369,19.69264263389177
442,20.81386973092241,-0.001128799013019865,19.68507071790255
443,20.81273774251832,-0.001135328047182995,19.67740969533533
444,20.81159917998556,-0.00114193946808847,19.66965971189709
445,20.81045396152653,-0.001148633046539761,19.66182091498677
446,20.80930200560664,-0.001155408551914142,19.65389345369249
447,20.80814323095644,-0.00116226575216773,19.64587747878871
448,20.80697755657395,-0.001169204413840632,19.63777314273332
449,20.80580490172684,-0.001176224302062028,19.62958059966481
450,20.80462518595466,-0.001183325180555375,19.62130000539928
451,20.80343832907111,-0.001190506811643598,19.61293151742751
452,20.80224425116622,-0.001197768956254276,19.60447529491194
453,20.80104287260867,-0.001205111373924996,19.59593149868367
454,20.79983411404791,-0.001212533822808528,19.58730029123938
455,20.7986178964165,-0.001220036059678247,19.57858183673825
456,20.79739414093228,-0.001227617839933444,19.56977630099883
457,20.7961627691006,-0.001235278917604699,19.5608838514959
458,20.79492370271661,-0.00124301904535935,19.55190465735726
459,20.79367686386745,-0.001250837974506901,19.54283888936055
460,20.79242217493445,-0.001258735455004505,19.53368671992995
461,20.79115955859547,-0.001266711235462505,19.52444832313296
462,20.78988893782702,-0.001274765063149957,19.51512387467706
463,20.78861023590656,-0.001282896684000214,19.50571355190634
464,20.78732326087362,-0.001291105727075426,19.49621753379819
465,20.7860280326376,-0.001299392031677755,19.48663600095984
466,20.78472447513266,-0.0013077553395077,19.47696913562496
467,20.78341251137108,-0.001316195389720907,19.46721712165017
468,20.78209206461609,-0.001324711920104527,19.45738014451156
469,20.78076305838309,-0.001333304667081929,19.44745839130116
470,20.77942541644073,-0.001341973365717362,19.43745205072337
471,20.77807906281206,-0.00135071774972068,19.42736131309138
472,20.77672392177571,-0.001359537551452153,19.41718637032356
473,20.77535991786701,-0.001368432501927238,19.40692741593978
474,20.77398697587913,-0.001377402330821369,19.39658464505776
475,20.77260502086423,-0.001386446766474854,19.38615825438937
476,20.7712139781346,-0.001395565535897774,19.37564844223683
477,20.76981377326382,-0.001404758364774839,19.36505540848898
478,20.76840433208788,-0.001414024977470376,19.3543793546175
479,20.76698558070632,-0.00142336509703329,19.34362048367303
480,20.76555744548343,-0.0014327784452021,19.33277900028133
481,20.76411985304929,-0.001442264742409908,19.32185511063939
482,20.76267273030104,-0.00145182370778954,19.3108490225115
483,20.76121600440392,-0.001461455059178586,19.29976094522534
484,20.75974960279246,-0.001471158513124561,19.2885910896679
485,20.75827345317161,-0.001480933784890027,19.27733966828158
486,20.75678748351791,-0.001490780588457813,19.2660068950601
487,20.75529162208059,-0.001500698636536182,19.25459298554441
488,20.75378579738275,-0.001510687640564136,19.24309815681862
489,20.7522699382225,-0.001520747310716629,19.23152262750587
490,20.75074400298149,-0.001530877385217334,19.21986661776416
491,20.74920793550506,-0.001541077586222894,19.20813034928216
492,20.74766163273628,-0.001551347587461244,19.19631404527504
493,20.74610502543819,-0.001561687094958064,19.18441793048013
494,20.74453804468994,-0.001572095813537206,19.17244223115274
495,20.74296062188862,-0.001582573446826814,19.1603871750618
496,20.741372688751,-0.001593119697265422,19.14825299148557
497,20.73977417731534,-0.001603734266108095,19.13603991120724
498,20.73816501994316,-0.001614416853432605,19.12374816651055
499,20.73654514932103,-0.001625167158145626,19.1113779911754
500,20.73491449846233,-0.001635984877988971,19.09892962047336
501,20.73327300070906,-0.001646869709545832,19.08640329116323
502,20.7316205897336,-0.001657821348247069,19.07379924148653
503,20.7299571995405,-0.001668839488377543,19.06111771116295
504,20.72828276446825,-0.001679923823082429,19.04835894138582
505,20.7265972191911,-0.0016910740443736,19.0355231748175
506,20.72490049872078,-0.001702289843136029,19.02261065558475
507,20.72319253840833,-0.001713570909134166,19.00962162927416
508,20.72147327394587,-0.001724916931018484,18.99655634292738
509,20.71974264136837,-0.001736327596331872,18.9834150450365
510,20.71800057705545,-0.001747802591516184,18.97019798553927
511,20.71624701773313,-0.001759341601918745,18.95690541581438
512,20.71448190047565,-0.001770944311798964,18.94353758867668
513,20.71270516270722,-0.001782610404334879,18.93009475837234
514,20.71091674220384,-0.001794339561629784,18.91657718057406
515,20.70911657709502,-0.001806131464718874,18.90298511237614
516,20.70730460586561,-0.001817985793575932,18.88931881228968
517,20.70548066078377,-0.001829902120546187,18.87557854023759
518,20.70364475877711,-0.001841880201227443,18.86176455754967
519,20.70179684831103,-0.001853919721353382,18.84787712695765
520,20.69993686780156,-0.001866020355211372,18.83391651259019
521,20.69806475596696,-0.001878181775999128,18.81988297996784
522,20.69618045182856,-0.001890403655830564,18.805776795998
523,20.69428389471129,-0.001902685665741437,18.79159822896986
524,20.69237502424447,-0.001915027475695208,18.77734754854926
525,20.69045378036238,-0.001927428754588778,18.7630250257736
526,20.68852010330505,-0.001939889170258372,18.74863093304668
527,20.68657393361885,-0.00195240838948537,18.73416554413348
528,20.68461521215717,-0.001964986078002191,18.71962913415498
529,20.68264388008116,-0.0019776219004982,18.70502197958296
530,20.68065987886033,-0.001990315520625661,18.69034435823467
531,20.67866315027328,-0.002003066601005653,18.67559654926763
532,20.67665363640835,-0.002015874803234109,18.66077883317424
533,20.67463127966428,-0.002028739787887787,18.6458914917765
534,20.67259602275093,-0.002041661214530322,18.63093480822061
535,20.67054780868993,-0.002054638741718282,18.61590906697165
536,20.66848658081533,-0.002067672027007258,18.60081455380807
537,20.66641228277433,-0.002080760726957969,18.58565155581637
538,20.66432485852792,-0.002093904497142393,18.57042036138552
539,20.66222425235155,-0.002107102992149958,18.5551212602016
540,20.66011040883583,-0.00212035586559367,18.53975454324216
541,20.65798327288719,-0.002133662770116381,18.52432050277081
542,20.65584278972856,-0.002147023357396996,18.50881943233156
543,20.65368894237786,-0.002160437315634546,18.49325162674331
544,20.6515217162397,-0.002173904334145497,18.4776173820942
545,20.64934099797829,-0.002187424002242295,18.461916995736
546,20.64714673543798,-0.002200995969159557,18.44615076627842
547,20.64493887683905,-0.002214619883255558,18.43031899358349
548,20.64271737077944,-0.002228295392019625,18.41442197875982
549,20.64048216623642,-0.002242022142079566,18.39846002415685
550,20.63823321256823,-0.002255799779209074,18.38243343335916
551,20.63597045951585,-0.002269627948335217,18.36634251118063
552,20.63369385720462,-0.002283506293545916,18.3501875636587
553,20.63140335614596,-0.002297434458097431,18.33396889804853
554,20.62909890723905,-0.002311412084421939,18.31768682281712
555,20.62678046177252,-0.002325438814135023,18.30134164763749
556,20.6244479714261,-0.002339514288043301,18.2849336833828
557,20.62210138827238,-0.002353638146152019,18.26846324212036
558,20.61974066477843,-0.002367810027672639,18.25193063710579
559,20.6173657538075,-0.002382029571030508,18.235336182777
560,20.61497660862077,-0.002396296413872548,18.21868019474822
561,20.61257318287893,-0.002410610193074895,18.20196298980404
562,20.61015543064394,-0.002424970544750632,18.18518488589331
563,20.60772330638072,-0.00243937710425757,18.16834620212315
564,20.60527676495879,-0.002453829506205913,18.15144725875287
565,20.60281576165398,-0.002468327384466111,18.13448837718787
566,20.60034025215015,-0.002482870372176627,18.11746987997352
567,20.5978501925408,-0.002497458101751753,18.10039209078905
568,20.59534553933085,-0.002512090204889489,18.08325533444136
569,20.59282624943825,-0.002526766312579365,18.06605993685889
570,20.59029217347179,-0.002541485948386423,18.04880622508536
571,20.58774333393406,-0.002556248806660438,18.03149452727362
572,20.58517970893906,-0.002571054536259719,18.01412517267934
573,20.58260125540384,-0.002585902763749054,17.99669849165478
574,20.58000793059825,-0.00260079311495571,17.97921481564254
575,20.5773996921454,-0.002615725214976216,17.96167447716919
576,20.57477649802208,-0.002630698688183102,17.94407780983897
577,20.57213830655922,-0.002645713158231722,17.9264251483275
578,20.56948507644243,-0.002660768248067111,17.90871682837532
579,20.56681676671235,-0.00267586357993077,17.89095318678158
580,20.56413333676518,-0.002690998775367589,17.87313456139759
581,20.56143474635308,-0.002706173455232662,17.85526129112042
582,20.5587209555847,-0.002721387239698249,17.83733371588645
583,20.55599192492557,-0.002736639748260686,17.81935217666489
584,20.5532476151986,-0.002751930599747297,17.80131701545131
585,20.55048798758453,-0.002767259412323408,17.78322857526112
586,20.54771300362236,-0.002782625803499268,17.76508720012309
587,20.54492262520983,-0.002798029390137106,17.74689323507273
588,20.54211681460391,-0.002813469788458118,17.72864702614579
589,20.53929553442121,-0.002828946614049524,17.71034892037168
590,20.53645874763842,-0.002844459481871603,17.69199926576682
591,20.53360641759285,-0.002860008006264792,17.67359841132805
592,20.5307385079828,-0.002875591800956769,17.65514670702603
593,20.52785498286808,-0.002891210479069585,17.63664450379849
594,20.52495580667044,-0.00290686365312677,17.61809215354367
595,20.52204094417403,-0.002922550935060499,17.59949000911353
596,20.51911039079906,-0.002938271966491957,17.5808384243071
597,20.51616417121857,-0.002954026417354864,17.56213775386371
598,20.51320218029076,-0.002969813826834482,17.54338835345628
599,20.51022438567662,-0.002985633805992098,17.52459057968452
600,20.50723075546113,-0.003001485965392945,17.50574479006819
601,20.50422125815474,-0.003017369915114479,17.48685134304026
602,20.50119586269492,-0.003033285264754824,17.4679105979401
603,20.49815453844769,-0.003049231623441013,17.44892291500668
604,20.49509725520912,-0.003065208599837462,17.42988865537166
605,20.49202398320691,-0.003081215802154322,17.41080818105259
606,20.48893469310185,-0.003097252838155889,17.39168185494596
607,20.48582935598943,-0.003113319315169072,17.37251004082036
608,20.48270794340128,-0.003129414840091808,17.35329310330948
609,20.47957042730677,-0.003145539019401514,17.33403140790526
610,20.4764167801145,-0.00316169145916361,17.31472532095089
611,20.47324697467386,-0.003177871765039988,17.29537520963387
612,20.4700609842765,-0.003194079542297519,17.27598144197898
613,20.46685878265793,-0.003210314395816581,17.25654438684134
614,20.46364034399899,-0.003226575930099632,17.23706441389936
615,20.46040564292742,-0.003242863749279724,17.2175418936477
616,20.45715465451936,-0.003259177457129123,17.19797719739024
617,20.45388735430091,-0.003275516657067865,17.17837069723304
618,20.45060371824959,-0.00329188095217237,17.15872276607722
619,20.44730372279598,-0.003308269945184087,17.13903377761189
620,20.44398734482512,-0.003324683238518084,17.11930410630704
621,20.44065456167817,-0.003341120434271747,17.09953412740642
622,20.43730535115379,-0.003357581134233399,17.07972421692039
623,20.43393957007986,-0.003374064818461061,17.0598747516188
624,20.43055725256883,-0.003390571143545053,17.03998610902378
625,20.42715841591002,-0.003407099748507416,17.0200586674026
626,20.42374303762408,-0.003423650231863625,17.00009280576045
627,20.42031109560936,-0.003440222191776115,16.98008890383325
628,20.41686256814186,-0.003456815226061455,16.9600473420804
629,20.41339743387516,-0.003473428932197575,16.93996850167759
630,20.40991567184043,-0.003490062907330941,16.91985276450949
631,20.40641726144635,-0.003506716748283814,16.89970051316254
632,20.4029021824791,-0.003523390051561463,16.87951213091764
633,20.39937041510229,-0.003540082413359393,16.85928800174289
634,20.39582193985694,-0.003556793429570672,16.83902851028627
635,20.39225673766144,-0.003573522695793148,16.8187340418683
636,20.3886747898115,-0.003590269807336753,16.79840498247475
637,20.38507607798013,-0.003607034359230838,16.7780417187493
638,20.38146058421757,-0.003623815946231432,16.75764463798614
639,20.37782829095127,-0.003640614162828616,16.73721412812266
640,20.37417918098585,-0.003657428603253816,16.71675057773204
641,20.37051323750306,-0.0036742588614872,16.69625437601586
642,20.36683044406172,-0.003691104531265012,16.67572591279671
643,20.36313078459771,-0.003707965206086936,16.65516557851078
644,20.35941424342393,-0.003724840479223534,16.6345737642004
645,20.35568080523023,-0.003741729943723588,16.61395086150664
646,20.35193045508337,-0.00375863319242152,16.59329726266185
647,20.34816317842704,-0.003775549817944832,16.5726133604822
648,20.34437896108173,-0.003792479412721526,16.55189954836021
649,20.34057781324848,-0.003809421592991242,16.53115622025724
650,20.33675980865677,-0.003826376037960728,16.51038377069604
651,20.33292484402401,-0.003843342249270762,16.48958259475325
652,20.32907290829861,-0.003860319820246776,16.46875308805183
653,20.32520399087326,-0.003877308344119683,16.44789564675358
654,20.32131808158616,-0.003894307414034561,16.4270106675516
655,20.31741517072218,-0.003911316623059438,16.40609854766274
656,20.31349524901403,-0.003928335564193976,16.38515968482005
657,20.30955830764347,-0.00394536383037827,16.3641944772652
658,20.3056043382425,-0.003962401014501569,16.34320332374093
659,20.3016333328945,-0.003979446709411068,16.32218662348343
660,20.29764528413547,-0.003996500507920661,16.30114477621481
661,20.29364018495517,-0.004013562002819754,16.28007818213541
662,20.2896180287983,-0.004030630786882025,16.25898724191628
663,20.28557880956576,-0.004047706452874287,16.23787235669148
664,20.28152252161574,-0.004064788593565232,16.21673392805051
665,20.27744915976494,-0.004081876801734314,16.19557235803063
666,20.27335871928978,-0.004098970670180528,16.17438804910925
667,20.26925119592753,-0.004116069791731281,16.15318140419625
668,20.26512658587757,-0.004133173759251242,16.13195282662632
669,20.26098488580247,-0.004150282165651166,16.11070272015131
670,20.25682609282928,-0.004167394603896788,16.08943148893249
671,20.25265020455065,-0.004184510667017698,16.06813953753296
672,20.24845721902604,-0.004201629948116171,16.04682727090987
673,20.24424713478288,-0.00421875204037612,16.02549509440676
674,20.24001995081776,-0.004235876537071927,16.00414341374584
675,20.23577566659768,-0.004253003031577396,15.98277263502028
676,20.23151416106025,-0.00427013099637378,15.96138316468647
677,20.22723546690318,-0.004287260057346861,15.93997540955632
678,20.22293964230149,-0.004304389865512018,15.91854977678948
679,20.21862668621902,-0.004321520012333394,15.89710667388563
680,20.21429659799692,-0.004338650089320201,15.87564650867672
681,20.20994937735303,-0.004355779688033824,15.85416968931921
682,20.20558502438133,-0.004372908400095019,15.83267662428631
683,20.20120353955133,-0.004390035817191109,15.81116772236022
684,20.19680492370744,-0.004407161531083109,15.78964339262433
685,20.19238917806846,-0.004424285133612989,15.76810404445547
686,20.18795630422691,-0.004441406216710819,15.74655008751609
687,20.18350630414849,-0.004458524372401982,15.72498193174651
688,20.17903918017146,-0.004475639192814374,15.70339998735709
689,20.17455493500607,-0.004492750270185631,15.68180466482044
690,20.17005357173395,-0.004509857196870332,15.66019637486362
691,20.1655350938075,-0.004526959565347195,15.63857552846031
692,20.16099950504937,-0.004544056968226372,15.616942536823
693,20.15644680965178,-0.004561148998256588,15.59529781139519
694,20.15187701217599,-0.004578235248332444,15.57364176384355
695,20.14729011755169,-0.004595315311501627,15.55197480605006
696,20.14268613107639,-0.004612388780972154,15.53029735010424
697,20.13806505841487,-0.004629455250119621,15.50860980829525
698,20.13342690559853,-0.004646514312494446,15.48691259310408
699,20.12877167902486,-0.004663565561829142,15.46520611719572
700,20.12409938545681,-0.004680608592045538,15.44349079341128
701,20.1194100320222,-0.004697642997262074,15.42176703476013
702,20.11470364296419,-0.004714668388552097,15.4000352544121
703,20.10998035784522,-0.004731684492155651,15.37829586568957
704,20.1052400621625,-0.004748690780102888,15.35654928205961
705,20.10048276649678,-0.004765686849370614,15.33479591712617
706,20.09570848187432,-0.004782672297252184,15.31303618462214
707,20.09091721976784,-0.004799646721366308,15.29127049840153
708,20.08610899209744,-0.004816609719665852,15.26949927243158
709,20.08128381123153,-0.004833560890446613,15.24772292078492
710,20.07644168998774,-0.004850499832356128,15.22594185763161
711,20.07158264163386,-0.004867426144402483,15.20415649723138
712,20.06670667988876,-0.004884339425963113,15.18236725392565
713,20.06181381892329,-0.00490123927679358,15.16057454212971
714,20.05690407336123,-0.004918125297036429,15.1387787763248
715,20.05197745828019,-0.004934997087229926,15.11698037105027
716,20.04703398921258,-0.004951854248316932,15.09517974089564
717,20.04207368214647,-0.004968696381653682,15.07337730049278
718,20.03709655352656,-0.004985523089018587,15.05157346450797
719,20.03210262025507,-0.005002333972621041,15.02976864763403
720,20.0270918996927,-0.00501912863511027,15.00796326458243
721,20.02206440965953,-0.005035906679584089,14.98615773007544
722,20.01702016843594,-0.005052667709597761,14.96435245883818
723,20.01195919476354,-0.005069411329172775,14.94254786559077
724,20.0068815078461,-0.00508613714280566,14.92074436504044
725,20.00178712735046,-0.005102844755476823,14.89894237187364
726,19.99667607340747,-0.005119533772659325,14.87714230074814
727,19.99154836661289,-0.005136203800327721,14.85534456628517
728,19.98640402802832,-0.005152854444966829,14.83354958306149
729,19.98124295951179,-0.005169485193910226,14.81175776560157
730,19.97606518562597,-0.005186095657256329,14.78996952836964
731,19.97087081025093,-0.005202685524489077,14.76818528576186
732,19.96565985359162,-0.005219254401493229,14.74640545209839
733,19.96043233621048,-0.005235801894594919,14.72463044161556
734,19.9551882790264,-0.00525232761056845,14.70286066845795
735,19.94992770331357,-0.005268831156643039,14.68109654667053
736,19.9446506307004,-0.005285312140509593,14.65933849019081
737,19.93935708316837,-0.005301770170327469,14.6375869128409
738,19.93404708305097,-0.005318204854731251,14.61584222831972
739,19.92872065303258,-0.005334615802837504,14.59410485019507
740,19.92337781614736,-0.00535100262425156,14.5723751918958
741,19.91801859577814,-0.005367364929074212,14.55065366670393
742,19.91264301565532,-0.005383702327908528,14.52894068774679
743,19.90725109985577,-0.005400014431866593,14.50723666798918
744,19.90184287280171,-0.005416300852576226,14.48554202022548
745,19.89641835925961,-0.005432561202187756,14.46385715707186
746,19.89097758433909,-0.00544879509338075,14.44218249095834
747,19.88552057349181,-0.005465002139370759,14.42051843412106
748,19.88004735251036,-0.005481181953916032,14.39886539859432
749,19.87455794752714,-0.005497334151324287,14.37722379620286
750,19.8690523850133,-0.005513458346459385,14.35559403855392
751,19.86353069177759,-0.005529554154748094,14.3339765370295
752,19.85799289496526,-0.005545621192186795,14.31237170277847
753,19.85243902205697,-0.005561659075348182,14.29077994670879
754,19.84686910086768,-0.005577667421387993,14.26920167947969
755,19.84128316423497,-0.005593645852741126,14.24763731149384
756,19.8356814244484,-0.005609594171558843,14.22608725288956
757,19.83006375210344,-0.005625511838570418,14.20455191353302
758,19.82443017870057,-0.005641398475690139,14.18303170301044
759,19.81878073616796,-0.005657253705547672,14.16152703062029
760,19.81311545686204,-0.005673077151496516,14.14003830536553
761,19.8074343735683,-0.005688868437622488,14.11856593594581
762,19.80173751950191,-0.005704627188752198,14.09711033074971
763,19.79602492830843,-0.005720353030461461,14.07567189784697
764,19.79029663406448,-0.005736045589083776,14.0542510449807
765,19.78455267127846,-0.005751704491718778,14.03284817955968
766,19.77879307489123,-0.005767329366240644,14.01146370865058
767,19.77301788027676,-0.005782919841306555,13.9900980389702
768,19.76722712324286,-0.005798475546365094,13.96875157687777
769,19.76142084003188,-0.005813996111664672,13.94742472836721
770,19.75559906732133,-0.00582948116826195,13.92611789905938
771,19.74976184222462,-0.005844930348030205,13.90483149419442
772,19.74390920229177,-0.005860343283667787,13.88356591862398
773,19.73804118551003,-0.005875719608706438,13.8623215768036
774,19.73215783030463,-0.005891058957519712,13.84109887278491
775,19.72625917553941,-0.005906360965331354,13.81989821020806
776,19.72034526051758,-0.005921625268223638,13.79871999229394
777,19.71441612498233,-0.005936851503145728,13.7775646218366
778,19.7084718091176,-0.005952039307922069,13.75643250119553
779,19.70251235354867,-0.005967188321260657,13.73532403228801
780,19.69653779934295,-0.005982298182761433,13.71423961658152
781,19.69054818801059,-0.005997368532924562,13.69317965508603
782,19.68454344373699,-0.006012398895390572,13.67214454834642
783,19.6785235725086,-0.006027388876073737,13.65113469643487
784,19.67248873011351,-0.006042338231170319,13.63015049894319
785,19.66643895667741,-0.006057246601702099,13.60919235497532
786,19.66037429264108,-0.006072113629501464,13.58826066313962
787,19.65429477875872,-0.00608693895721733,13.56735582154139
788,19.64820045609629,-0.006101722228321037,13.54647822777525
789,19.64209136602981,-0.006116463087112219,13.52562827891759
790,19.63596755024372,-0.00613116117872473,13.50480637151899
791,19.62982905072919,-0.006145816149132459,13.48401290159673
792,19.62367590978246,-0.006160427645155238,13.46324826462722
793,19.61750817000314,-0.006174995314464657,13.44251285553849
794,19.6113258742926,-0.006189518805589934,13.42180706870267
795,19.60512906585222,-0.006203997767923717,13.40113129792851
796,19.59891778818178,-0.006218431851727916,13.38048593645386
797,19.59269208507775,-0.006232820708139513,13.35987137693823
798,19.58645200063164,-0.00624716398917635,13.33928801145529
799,19.58019757922833,-0.006261461347742927,13.3187362314854
800,19.57392886554437,-0.00627571243763615,13.29821642790822
801,19.56764590454635,-0.006289916913551121,13.27772899099523
802,19.56134874148919,-0.006304074431086887,13.2572743104023
803,19.55503742191451,-0.006318184646752162,13.23685277516234
804,19.5487119916489,-0.006332247217971059,13.21646477367784
805,19.54237249680231,-0.006346261803088826,13.19611069371348
806,19.53601898376633,-0.006360228061377516,13.17579092238881
807,19.52965149921257,-0.006374145653041714,13.15550584617085
808,19.52327009009091,-0.006388014239224179,13.13525585086673
809,19.51687501875843,-0.006401833697142052,13.11504132161637
810,19.51046616568076,-0.00641560352279559,13.09486264288517
811,19.50404356920555,-0.006429323370748888,13.07472019845666
812,19.49760728029944,-0.006442992908874215,13.05461437142523
813,19.49115735031888,-0.006456611806130052,13.03454554418883
814,19.48469383101051,-0.006470179732568811,13.0145140984417
815,19.47821677451169,-0.006483696359344581,12.99452041516711
816,19.47172623335095,-0.006497161358720817,12.97456487463013
817,19.46522226044845,-0.00651057440407808,12.95464785637037
818,19.45870490911646,-0.006523935169921676,12.93476973919478
819,19.4521742330598,-0.006537243331889355,12.91493090117044
820,19.44563028637633,-0.006550498566758966,12.89513171961736
821,19.43907312355742,-0.006563700552456087,12.87537257110133
822,19.4325027994884,-0.006576848968061668,12.85565383142673
823,19.42591936944904,-0.006589943493819655,12.83597587562939
824,19.41932288911401,-0.006602983811144535,12.81633907796947
825,19.41271341455335,-0.006615969602629011,12.79674381192434
826,19.40609100223293,-0.00662890055205148,12.77719045018145
827,19.39945570901492,-0.00664177634438365,12.75767936463127
828,19.39280759215827,-0.00665459666579806,12.73821092636021
829,19.38614670931916,-0.006667361203675601,12.71878550564356
830,19.37947311855147,-0.006680069646613026,12.69940347193844
831,19.37278687830725,-0.006692721684430443,12.6800651938768
832,19.36608804743718,-0.006705317008178813,12.66077103925837
833,19.35937668519107,-0.006717855310147371,12.6415213750437
834,19.35265285121827,-0.006730336283871118,12.62231656734715
835,19.34591649468936,-0.006742759513259405,12.60315698142995
836,19.33916758969668,-0.006755124608003431,12.58404298169325
837,19.33240634732892,-0.006767431415657732,12.56497493167118
838,19.32563282522344,-0.006779679631199496,12.54595319402394
839,19.31884708126941,-0.006791868950738502,12.52697813053091
840,19.31204917360548,-0.006803999071521737,12.50805010208374
841,19.30523916061752,-0.006816069691937976,12.48916946867954
842,19.29841710093645,-0.006828080511522479,12.47033658941398
843,19.29158305343597,-0.006840031230961489,12.45155182247448
844,19.28473707723028,-0.006851921552096869,12.43281552513341
845,19.27787923167193,-0.006863751177930649,12.41412805374128
846,19.27100957634948,-0.006875519812629502,12.39548976371998
847,19.26412817108534,-0.006887227161529372,12.37690100955597
848,19.25723507593348,-0.006898872931139866,12.35836214479361
849,19.25033035117722,-0.00691045682914882,12.3398735220284
850,19.24341405732698,-0.006921978564426736,12.32143549290024
851,19.23648625511802,-0.0069334378470312,12.30304840808682
852,19.22954700550823,-0.006944834388211364,12.28471261729687
853,19.2225963696759,-0.006956167900412328,12.26642846926357
854,19.21563440901743,-0.006967438097279541,12.24819631173789
855,19.20866118514514,-0.006978644693663174,12.23001649148197
856,19.201676759885,-0.006989787405622476,12.21188935426252
857,19.19468119527441,-0.007000865950430099,12.19381524484431
858,19.18767455355993,-0.007011880046576434,12.1757945069835
859,19.1806568971951,-0.007022829413773909,12.15782748342119
860,19.17362828883812,-0.007033713772961235,12.13991451587689
861,19.16658879134969,-0.007044532846307724,12.12205594504197
862,19.15953870168577,-0.007055286591112539,12.10425211057323
863,19.15247792785352,-0.007065974576767085,12.08650335108644
864,19.14540650083848,-0.007076596496688612,12.06881000414986
865,19.13832448778569,-0.007087152081507824,12.05117240627786
866,19.13123195617523,-0.007097641063250734,12.0335908929245
867,19.12412897382253,-0.007108063175345375,12.01606579847715
868,19.11701560887866,-0.007118418152628514,11.99859745625014
869,19.1098919298307,-0.007128705731352282,11.98118619847841
870,19.10275800550206,-0.007138925649190856,11.9638323563112
871,19.09561390505281,-0.007149077645247057,11.94653625980575
872,19.08845969798,-0.007159161460058996,11.92929823792101
873,19.08129545411802,-0.007169176835606622,11.91211861851139
874,19.07412124363887,-0.007179123515318306,11.89499772832056
875,19.06693713705256,-0.007189001244077392,11.87793589297517
876,19.0597432052074,-0.007198809768228699,11.8609334369787
877,19.05253951929032,-0.007208548835585042,11.84399068370528
878,19.04532615082725,-0.007218218195433707,11.82710795539355
879,19.03810317168339,-0.007227817598542892,11.8102855731405
880,19.03087065406356,-0.007237346797168174,11.79352385689539
881,19.02362867051257,-0.007246805545058906,11.77682312545366
882,19.0163772939155,-0.007256193597464625,11.76018369645087
883,19.00911659749802,-0.007265510711141379,11.74360588635664
884,19.00184665482679,-0.007274756644358135,11.72709001046865
885,18.99456753980972,-0.007283931156903076,11.71063638290665
886,18.98727932669633,-0.007293034010089895,11.69424531660644
887,18.97998209007808,-0.007302064966764107,11.67791712331397
888,18.97267581952345,-0.00731102370594403,11.66165211357942
889,18.96536046237237,-0.007319909865621156,11.64545059675122
890,18.95803626171213,-0.007328723380741906,11.62931288097023
891,18.95070328996977,-0.007337464016805914,11.61323927316386
892,18.94336161976874,-0.0073461315407285,11.59723007904024
893,18.93601132392662,-0.007354725720844218,11.5812856030824
894,18.92865247545275,-0.007363246326910274,11.56540614854247
895,18.92128514754591,-0.007371693130109987,11.54959201743593
896,18.91390941359203,-0.007380065903056199,11.53384351053583
897,18.90652534716183,-0.007388364419794689,11.51816092736714
898,18.89913302200847,-0.007396588455807499,11.50254456620097
899,18.89173251206532,-0.007404737788016355,11.48699472404897
900,18.88432389144352,-0.007412812194785902,11.47151169665762
901,18.8769072344297,-0.007420811455927062,11.45609577850264
902,18.86948261548368,-0.00742873535270029,11.44074726278339
903,18.8620501092361,-0.007436583667818819,11.42546644141728
904,18.85460979048613,-0.007444356185451913,11.41025360503422
905,18.84716173419912,-0.007452052691228012,11.39510904297111
906,18.83970601550428,-0.007459672972237975,11.38003304326631
907,18.83224270969236,-0.007467216817038185,11.36502589265417
908,18.82477189221329,-0.007474684015653693,11.3500878765596
909,18.81729363867392,-0.007482074359581322,11.3352192790926
910,18.80980802483564,-0.007489387641792734,11.3204203830429
911,18.80231512661205,-0.007496623656737503,11.30569146987455
912,18.79481502006669,-0.007503782200346107,11.29103281972058
913,18.78730778141063,-0.007510863070032972,11.27644471137766
914,18.77979348700023,-0.007517866064699411,11.26192742230082
915,18.77227230155575,-0.007524791072957593,11.24748122859816
916,18.76474425525821,-0.00753163785023262,11.23310640502559
917,18.75720940243808,-0.007538406177456472,11.21880322498161
918,18.74966782147634,-0.007545095860974208,11.20457196050213
919,18.74211959094795,-0.007551706708692683,11.19041288225526
920,18.73456478962072,-0.007558238530084515,11.17632625953621
921,18.72700349645395,-0.007564691136191864,11.16231236026209
922,18.71943579059728,-0.007571064339630371,11.14837145096691
923,18.71186175138938,-0.007577357954592925,11.13450379679645
924,18.70428145835671,-0.007583571796853484,11.12070966150323
925,18.69669499121234,-0.00758970568377085,11.10698930744149
926,18.6891024298546,-0.007595759434292388,11.09334299556221
927,18.68150385436594,-0.007601732868957798,11.07977098540814
928,18.67389934501162,-0.007607625809902732,11.06627353510889
929,18.66628898223849,-0.00761343808086254,11.05285090137595
930,18.65867284667373,-0.007619169507175826,11.0395033394979
931,18.65105101912361,-0.007624819915788126,11.02623110333548
932,18.64342358057226,-0.007630389135255459,11.0130344453168
933,18.63579061218042,-0.007635876995747882,10.99991361643254
934,18.62815219528417,-0.007641283329053032,10.98686886623114
935,18.62050841139371,-0.007646607968579607,10.97390044281411
936,18.61285934219214,-0.007651850749360889,10.96100859283125
937,18.60520506953413,-0.007657011508058107,10.94819356147602
938,18.59754567544477,-0.007662090082963937,10.93545559248083
939,18.58988124211828,-0.007667086314005853,10.92279492811242
940,18.58221185191676,-0.007672000042749488,10.91021180916727
941,18.57453758432582,-0.007676831109358853,10.89770647496697
942,18.5668585136975,-0.007681579350343768,10.88527916335374
943,18.55917473204762,-0.00768624462136178,10.87293011068584
944,18.55148632222505,-0.00769082677039194,10.86065955183311
945,18.54379336723317,-0.007695325647060654,10.84846772017251
946,18.53609595022843,-0.007699741102644772,10.83635484758366
947,18.52839415451902,-0.007704072990074606,10.82432116444441
948,18.5206880635635,-0.007708321163936969,10.81236689962653
949,18.5129777609694,-0.007712485480478109,10.80049228049129
950,18.50526333049183,-0.007716565797606692,10.78869753288514
951,18.49754485603217,-0.007720561974896711,10.77698288113546
952,18.48982242163665,-0.007724473873590384,10.76534854804627
953,18.48209611149496,-0.007728301356600998,10.75379475489396
954,18.4743660099389,-0.007732044288515773,10.74232172142313
955,18.46663220144103,-0.007735702535598635,10.73092966584239
956,18.45889477061322,-0.007739275965793016,10.7196188048202
957,18.45115380220537,-0.007742764448724597,10.70838935348078
958,18.44340938110395,-0.007746167855703991,10.69724152539996
959,18.4356615923307,-0.007749486059729496,10.68617553260121
960,18.42791052104117,-0.007752718935489666,10.6751915855515
961,18.42015625252344,-0.007755866359366049,10.66428989315739
962,18.41239887219666,-0.007758928209435669,10.65347066276099
963,18.40463846560975,-0.007761904365473686,10.64273410013606
964,18.39687511843996,-0.007764794708955872,10.63208040948409
965,18.38910891649154,-0.007767599123061171,10.62150979343037
966,18.38133994569433,-0.007770317492674128,10.6110224530202
967,18.37356829210243,-0.007772949704387388,10.60061858771505
968,18.36579405548368,-0.007775495660094963,10.59029839538872
969,18.35801731729764,-0.007777955244974004,10.58006207232363
970,18.35023815855016,-0.007780328345343065,10.56990981320709
971,18.34245666603284,-0.007782614854905303,10.55984181112754
972,18.33467292666516,-0.007784814669094226,10.54985825757093
973,18.32688702749325,-0.007786927685076188,10.53995934241707
974,18.31909905568874,-0.007788953801752759,10.53014525393598
975,18.31130909854754,-0.007790892919763153,10.52041617878438
976,18.30351724348866,-0.007792744941486586,10.51077230200208
977,18.29572357805308,-0.007794509771044613,10.50121380700847
978,18.28792818990246,-0.00779618731430341,10.49174087559905
979,18.28013116681805,-0.007797777478876075,10.48235368794197
980,18.27233259669943,-0.007799280174124833,10.4730524225746
981,18.2645325675634,-0.007800695311163292,10.46383725640011
982,18.2567311675427,-0.007802022802858555,10.45470836468415
983,18.24892848488493,-0.007803262563833446,10.44566592105148
984,18.24112460795124,-0.007804414510468547,10.43671009748269
985,18.23331962521526,-0.007805478560904344,10.42784106431092
986,18.22551362526187,-0.007806454635043259,10.41905899021861
987,18.21770669678596,-0.007807342654551646,10.41036404223431
988,18.20989892859133,-0.007808142542861821,10.4017563857295
989,18.20209040958945,-0.007808854225174001,10.39323618441544
990,18.19428122879828,-0.007809477628458225,10.38480360034005
991,18.18647147534112,-0.007810012681456275,10.37645879388484
992,18.17866123844536,-0.007810459314683505,10.36820192376186
993,18.17085060744136,-0.007810817460430705,10.36003314701065
994,18.16303966057563,-0.007811087041580319,10.35195261899532
995,18.15522842696567,-0.007811267933564153,10.34396049340152
996,18.14741705498312,-0.007811360132749556,10.33605692223357
997,18.13960563336039,-0.007811363577548848,10.32824205581154
998,18.13179425088515,-0.00781127820811674,10.32051604276841
999,18.12398299639851,-0.007811103966351276,10.31287903004723
1000,18.11617195879293,-0.00781084079589459,10.30533116289834
1001,18.10836122701041,-0.007810488642133839,10.29787258487657
1002,18.10055089004046,-0.0078100474522019,10.29050343783856
1003,18.09274103691823,-0.00780951717497819,10.28322386194004
1004,18.08493175672249,-0.007808897761089341,10.27603399563315
1005,18.07712313857376,-0.007808189162909928,10.26893397566383
1006,18.06931527163231,-0.0078073913345631,10.26192393706921
1007,18.06150824509626,-0.007806504231921235,10.25500401317503
1008,18.05370214819965,-0.007805527812606531,10.24817433559312
1009,18.04589707021042,-0.007804462035991527,10.2414350342189
1010,18.03809310042857,-0.007803306863199685,10.23478623722888
1011,18.03029032818413,-0.007802062257105852,10.22822807107828
1012,18.0224888428353,-0.007800728182336743,10.22176066049856
1013,18.01468873376643,-0.007799304605271363,10.21538412849507
1014,18.00689009038615,-0.007797791494041402,10.20909859634475
1015,17.99909300212536,-0.007796188818531608,10.20290418359375
1016,17.99129755843534,-0.007794496550380107,10.19680100805523
1017,17.98350384878579,-0.007792714662978725,10.19078918580707
1018,17.9757119626629,-0.007790843131473222,10.18486883118968
1019,17.96792198956739,-0.007788881932763566,10.17904005680382
1020,17.96013401901256,-0.007786831045504085,10.17330297350847
1021,17.9523481599833,-0.007784690469564595,10.16765769041871
1022,17.94456449932515,-0.007782460184421515,10.16210431490364
1023,17.93678311525119,-0.007780140162666834,10.15664295258435
1024,17.92900409772176,-0.007777730390389827,10.15127370733193
1025,17.9212275367173,-0.007775230855451872,10.14599668126543
1026,17.91345352223673,-0.007772641547486748,10.14081197474998
1027,17.90568214429578,-0.007769962457900899,10.13571968639488
1028,17.89791349292537,-0.007767193579873693,10.13071991305168
1029,17.89014765816999,-0.007764334908357636,10.12581274981235
1030,17.88238473008606,-0.007761386440078532,10.12099829000753
1031,17.87462479874029,-0.007758348173535623,10.11627662520466
1032,17.86686795420805,-0.007755220109001719,10.11164784520633
1033,17.85911428657175,-0.007752002248523258,10.10711203804849
1034,17.85136388591921,-0.007748694595920346,10.10266928999886
1035,17.84361684234197,-0.007745297156786769,10.0983196855552
1036,17.83587324593375,-0.007741809938489976,10.09406330744378
1037,17.82813318678876,-0.007738232950171012,10.08990023661775
1038,17.82039675500005,-0.007734566202744414,10.08583055225564
1039,17.81266404065795,-0.007730809708898107,10.08185433175984
1040,17.80493513384836,-0.007726963483093242,10.07797165075512
1041,17.79721012465116,-0.007723027541563962,10.0741825830872
1042,17.78948910313856,-0.007719001902317219,10.07048720082134
1043,17.78177215937349,-0.007714886585132511,10.06688557424098
1044,17.77405938340794,-0.007710681611561558,10.06337777184639
1045,17.76635086528135,-0.007706387004927979,10.05996386035337
1046,17.75864669501895,-0.007702002790326946,10.056643904692
1047,17.7509469596136,-0.007697528991608225,10.05341796800538
1048,17.74325170344017,-0.007692965591791742,10.05028611164842
1049,17.7355610570311,-0.007688312661844364,10.04724839518674
1050,17.7278751097103,-0.007683570233314864,10.04430487639543
1051,17.72019395075298,-0.007678738339494913,10.04145561125806
1052,17.71251766938359,-0.007673817015418049,10.03870065396554
1053,17.70484635477371,-0.007668806297858602,10.03604005691511
1054,17.69718009603994,-0.007663706225330576,10.03347387070937
1055,17.68951898224175,-0.007658516838086483,10.03100214415527
1056,17.68186310237943,-0.007653238178116212,10.02862492426322
1057,17.67421254539195,-0.007647870289145747,10.0263422562462
1058,17.66656740015484,-0.007642413216635987,10.02415418351885
1059,17.6589277554781,-0.007636867007781397,10.0220607476967
1060,17.65129370010408,-0.007631231711508736,10.02006198859535
1061,17.6436653227054,-0.007625507378475685,10.01815794422971
1062,17.63604271188278,-0.007619694061069469,10.01634865081332
1063,17.62842595616299,-0.007613791813405415,10.01463414275757
1064,17.62081514399669,-0.007607800691325533,10.01301445267115
1065,17.61321036375638,-0.007601720752397,10.01148961135938
1066,17.60561170373422,-0.007595552055910636,10.01005964782359
1067,17.59801925213999,-0.007589294662879357,10.00872458926063
1068,17.59043309709893,-0.007582948636036584,10.00748446106235
1069,17.58285332664966,-0.007576514039834613,10.00633928681505
1070,17.57528002874204,-0.007569990940442945,10.00528908829909
1071,17.56771329123508,-0.007563379405746595,10.00433388548849
1072,17.56015320189486,-0.007556679505344375,10.00347369655049
1073,17.55259984839236,-0.007549891310547117,10.00270853784524
1074,17.54505335344173,-0.007543014929516225,10.00203842392551
1075,17.53751380979555,-0.007536050442259196,10.00146336753635
1076,17.52998127583509,-0.007528997896220165,10.00098337961493
1077,17.5224558397052,-0.00752185737041496,10.00059846929024
1078,17.5149375894814,-0.007514628945598393,10.00030864388301
1079,17.50742661316837,-0.007507312704262872,10.00011390890549
1080,17.4999229986985,-0.007499908730637089,10.00001426806141
1081,17.49242683393047,-0.007492417110684616,10.00000972324585
1082,17.48493820664777,-0.0074848379321025,10.00010027454526
1083,17.47745720455722,-0.007477171284319802,10.00028592023742
1084,17.46998391528756,-0.007469417258496078,10.00056665679148
1085,17.46251842638795,-0.007461575947519906,10.00094247886805
1086,17.45506082532653,-0.007453647446007281,10.00141337931925
1087,17.44761119948897,-0.007445631850300042,10.00197934918893
1088,17.440169636177,-0.00743752925846426,10.00264037771274
1089,17.43273622260694,-0.007429339770288525,10.00339645231842
1090,17.42531104590831,-0.007421063487282325,10.00424755862598
1091,17.41789419312224,-0.007412700512674219,10.00519368044802
1092,17.41048575120017,-0.007404250951410178,10.00623479978999
1093,17.40308580700228,-0.007395714910151696,10.00737089685058
1094,17.39569444729607,-0.007387092497274006,10.00860195002206
1095,17.38831175875491,-0.00737838382286419,10.00992793589072
1096,17.38093782795656,-0.007369588998719295,10.01134882923727
1097,17.37357274138176,-0.007360708138344375,10.01286460303739
1098,17.3662165854127,-0.00735174135695053,10.01447522846217
1099,17.35886944633161,-0.007342688771452897,10.01618067487871
1100,17.35153141031931,-0.007333550500468622,10.01798090985069
1101,17.34420250800084,-0.007324326608861886,10.01987589913896
1102,17.33688287082059,-0.00731501726411836,10.02186560670223
1103,17.32957258504013,-0.007305622590342385,10.02394999469774
1104,17.32227173569675,-0.00729614271221478,10.02612902348197
1105,17.31498040768942,-0.007286577756078014,10.02840265161141
1106,17.30769868577673,-0.00727692784993341,10.03077083584332
1107,17.30042665457495,-0.007267193123438343,10.03323353113661
1108,17.29316439855602,-0.007257373707903404,10.03579069065261
1109,17.28591200204559,-0.007247469736289523,10.03844226575607
1110,17.27866954922101,-0.007237481343205035,10.04118820601597
1111,17.27143712410934,-0.007227408664902771,10.04402845920657
1112,17.26421481058541,-0.007217251839277054,10.04696297130835
1113,17.25700269236975,-0.007207011005860673,10.04999168650907
1114,17.24980085302668,-0.00719668630582188,10.0531145472048
1115,17.24260937596231,-0.007186277881961261,10.05633149400104
1116,17.23542834442251,-0.007175785878708652,10.05964246571385
1117,17.22825784149096,-0.007165210442119966,10.063047399371
1118,17.22109795008718,-0.00715455171987403,10.06654623021315
1119,17.2139487529645,-0.007143809861269343,10.07013889169516
1120,17.2068103327081,-0.007132985017220864,10.07382531548723
1121,17.19968277173301,-0.007122077340256674,10.07760543147634
1122,17.19256615228215,-0.007111086984514682,10.08147916776747
1123,17.18546055642431,-0.007100014105739298,10.08544645068501
1124,17.17836606605217,-0.007088858861277984,10.08950720477419
1125,17.17128276288036,-0.007077621410077896,10.09366135280247
1126,17.16421072844341,-0.007066301912682386,10.09790881576102
1127,17.15715007371655,-0.007054900560850301,10.10224951286625
1128,17.15010089614326,-0.007043417534581956,10.10668336156131
1129,17.14306324229723,-0.007031852964779569,10.11121027751767
1130,17.13603719385542,-0.007020207019218678,10.11583017463674
1131,17.12902283234138,-0.007008479867289875,10.12054296505151
1132,17.12202023912401,-0.006996671679995832,10.12534855912818
1133,17.11502949541612,-0.006984782629948214,10.13024686546791
1134,17.10805068227323,-0.006972812891364686,10.13523779090854
1135,17.10108388059212,-0.006960762640065756,10.14032124052636
1136,17.09412917110962,-0.006948632053471696,10.14549711763792
1137,17.08718663440119,-0.006936421310599314,10.15076532380188
1138,17.08025635087965,-0.00692413059205882,10.15612575882083
1139,17.07333840079382,-0.006911760080050534,10.16157832074329
1140,17.06643286422722,-0.006899309958361666,10.16712290586555
1141,17.05953982109671,-0.006886780412362997,10.17275940873371
1142,17.05265935115121,-0.006874171629005552,10.17848772214566
1143,17.04579153397034,-0.006861483796817226,10.18430773715312
1144,17.0389364489631,-0.006848717105899402,10.19021934306369
1145,17.03209417536653,-0.006835871747923502,10.19622242744303
1146,17.02526479224442,-0.006822947916127521,10.2023168761169
1147,17.01844837848596,-0.006809945805312563,10.2085025731734
1148,17.0116450128044,-0.006796865611839255,10.21477940096515
1149,17.00485477373574,-0.006783707533624217,10.22114724011153
1150,16.99807773963742,-0.006770471770136478,10.22760596950095
1151,16.99131398868698,-0.006757158522393819,10.23415546629316
1152,16.98456359888068,-0.006743767992959103,10.24079560592157
1153,16.97782664803227,-0.006730300385936616,10.24752626209565
1154,16.97110314883509,-0.006716755842031798,10.2543473068033
1155,16.96439322523294,-0.006703134614919651,10.26125861031328
1156,16.9576969606347,-0.00668943691945697,10.26826004117773
1157,16.95101443118127,-0.006675662964946661,10.27535146623461
1158,16.9443457127862,-0.00666181296217593,10.28253275061027
1159,16.93769088113361,-0.006647887123411628,10.28980375772198
1160,16.93105001167631,-0.006633885662395734,10.29716434928057
1161,16.9244231796337,-0.006619808794340649,10.30461438529305
1162,16.91781045998978,-0.006605656735924544,10.31215372406524
1163,16.91121192749115,-0.006591429705286668,10.31978222220448
1164,16.90462765664502,-0.006577127922022612,10.32749973462241
1165,16.89805772171714,-0.006562751607179518,10.33530611453763
1166,16.89150219672988,-0.006548300983251306,10.34320121347858
1167,16.88496115546014,-0.006533776274173821,10.35118488128632
1168,16.87843467143739,-0.006519177705319994,10.3592569661174
1169,16.87192281794164,-0.006504505503494908,10.36741731444674
1170,16.86542566800146,-0.006489759896930914,10.37566577107055
1171,16.85894329439192,-0.006474941115282635,10.38400217910928
1172,16.85247576963263,-0.006460049389621988,10.39242638001064
1173,16.84602316598571,-0.006445084952433163,10.40093821355255
1174,16.83958555545379,-0.006430048037607563,10.40953751784623
1175,16.83316300977799,-0.006414938880438712,10.41822412933928
1176,16.82675560043594,-0.006399757717617149,10.42699788281879
1177,16.82036339863971,-0.006384504787225261,10.43585861141445
1178,16.81398647533387,-0.006369180328732123,10.44480614660175
1179,16.80762490119346,-0.006353784582988249,10.45384031820521
1180,16.80127877596736,-0.006338317821565798,10.46296095440156
1181,16.79494820320685,-0.006322780321483787,10.47216788172306
1182,16.78863320409739,-0.006307172279036631,10.48146092506076
1183,16.78233384930186,-0.006291493941634019,10.49083990766784
1184,16.77605020924875,-0.006275745558085735,10.50030465116301
1185,16.7697823541309,-0.006259927378597048,10.50985497553385
1186,16.76353035390438,-0.00624403965476413,10.51949069914025
1187,16.75729427828728,-0.006228082639569395,10.52921163871788
1188,16.75107419675846,-0.006212056587376787,10.53901760938167
1189,16.74487017855643,-0.006195961753927129,10.5489084246293
1190,16.73868229267814,-0.00617979839633334,10.5588838963448
1191,16.73251060787774,-0.006163566773075669,10.56894383480207
1192,16.72635519266543,-0.006147267143996906,10.57908804866853
1193,16.72021611530626,-0.006130899770297534,10.58931634500873
1194,16.71409344381894,-0.006114464914530883,10.59962852928806
1195,16.70798724597461,-0.006097962840598221,10.61002440537639
1196,16.70189758929569,-0.006081393813743844,10.62050377555185
1197,16.69582454105469,-0.006064758100550105,10.63106644050459
1198,16.68976816827296,-0.006048055968932441,10.64171219934052
1199,16.68372853771956,-0.006031287688134359,10.6524408495852
1200,16.67770571591002,-0.006014453528722385,10.66325218718763
1201,16.67169976910519,-0.005997553762581003,10.67414600652418
1202,16.66571076330999,-0.005980588662907522,10.68512210040247
1203,16.65973876427228,-0.005963558504206979,10.6961802600653
1204,16.65378383748162,-0.005946463562286953,10.70732027519467
1205,16.64784604816808,-0.005929304114252353,10.71854193391573
1206,16.64192546130108,-0.00591208043850024,10.72984502280084
1207,16.63602208129789,-0.005894792754424277,10.74122932687361
1208,16.63013600821131,-0.005877441378598302,10.75269462961301
1209,16.6242673183094,-0.00586002660535194,10.76424071295746
1210,16.61841607455164,-0.005842548717242647,10.77586735730899
1211,16.61258233959157,-0.005825007998054122,10.78757434153744
1212,16.60676617577485,-0.005807404732790214,10.79936144298464
1213,16.60096764513743,-0.005789739207668806,10.81122843746862
1214,16.59518680940361,-0.005772011710115656,10.82317509928795
1215,16.58942372998412,-0.005754222528758166,10.83520120122595
1216,16.5836784679743,-0.005736371953419234,10.84730651455506
1217,16.57795108415211,-0.005718460275110919,10.85949080904119
1218,16.57224163897632,-0.005700487786028244,10.87175385294807
1219,16.56655019258454,-0.005682454779542866,10.88409541304167
1220,16.56087680479138,-0.005664361550196713,10.89651525459466
1221,16.5552215350865,-0.005646208393695648,10.90901314139085
1222,16.54958444263278,-0.005627995606903106,10.92158883572967
1223,16.54396558626435,-0.005609723487833621,10.93424209843072
1224,16.53836502448474,-0.005591392335646418,10.94697268883832
1225,16.53278281546497,-0.005573002450638923,10.95978036482605
1226,16.52721901704166,-0.00555455413424027,10.97266488280139
1227,16.52167368671512,-0.005536047689004768,10.98562599771035
1228,16.51614688164747,-0.00551748341860535,10.99866346304212
1229,16.5106386586607,-0.005498861627826958,11.01177703083374
1230,16.50514907423484,-0.005480182622559971,11.02496645167487
1231,16.49967818450601,-0.005461446709793542,11.03823147471247
1232,16.49422604526456,-0.005442654197608926,11.05157184765564
1233,16.48879273994999,-0.005423805423169639,11.06498731678035
1234,16.48337838237454,-0.005404900755440245,11.07847762693429
1235,16.47798295822769,-0.005385940436685921,11.09204252154177
1236,16.4726065232624,-0.005366924780653886,11.10568174260851
1237,16.46724913293322,-0.005347854102206583,11.11939503072664
1238,16.46191084239543,-0.005328728717315883,11.13318212507955
1239,16.45659170650415,-0.005309548943057234,11.14704276344691
1240,16.4512917798135,-0.005290315097603853,11.16097668220965
1241,16.44601111657571,-0.005271027500220786,11.17498361635493
1242,16.44074977074025,-0.005251686471259019,11.18906329948123
1243,16.43550779595297,-0.005232292332149564,11.20321546380341
1244,16.43028524555522,-0.005212845405397459,11.21743984015776
1245,16.42508217258299,-0.005193346014575806,11.23173615800718
1246,16.41989862976604,-0.005173794484319753,11.24610414544629
1247,16.41473466952702,-0.005154191140320444,11.26054352920658
1248,16.40959034398061,-0.005134536309318935,11.27505403466167
1249,16.40446570493264,-0.005114830319100159,11.28963538583248
1250,16.39936080387924,-0.005095073498486732,11.30428730539251
1251,16.39427569200596,-0.005075266177332874,11.31900951467309
1252,16.38921042018688,-0.005055408686518202,11.33380173366868
1253,16.38416503898377,-0.005035501357941534,11.34866368104224
1254,16.37913959864522,-0.005015544524514698,11.36359507413052
1255,16.37413414910573,-0.004995538520156257,11.37859562894947
1256,16.3691487399849,-0.004975483679785256,11.39366506019964
1257,16.36418342058652,-0.004955380339314905,11.40880308127161
1258,16.3592382398977,-0.004935228835646292,11.42400940425141
1259,16.35431324658803,-0.004915029506662002,11.43928373992603
1260,16.34940842768462,-0.004894782629895703,11.45462579778892
1261,16.34452385796522,-0.004874488571919748,11.47003528604548
1262,16.33965960542321,-0.004854147693804559,11.48551191161865
1263,16.33481571636179,-0.004833760336207324,11.50105538015447
1264,16.32999223671747,-0.004813326840689807,11.51666539602766
1265,16.32518921205834,-0.004792847549711063,11.53234166234728
1266,16.32040668758244,-0.004772322806620098,11.54808388096234
1267,16.31564470811605,-0.00475175295564855,11.5638917524675
1268,16.31090331811203,-0.004731138341903302,11.57976497620873
1269,16.30618256164817,-0.004710479311359098,11.59570325028907
1270,16.30148248242547,-0.004689776210851134,11.61170627157434
1271,16.29680312376653,-0.004669029388067617,11.62777373569891
1272,16.2921445286138,-0.004648239191542277,11.64390533707152
1273,16.28750673952797,-0.004627405970646936,11.66010076888103
1274,16.28288979868627,-0.004606530075583949,11.67635972310232
1275,16.27829374788081,-0.004585611857378697,11.69268189050212
1276,16.2737186285169,-0.004564651667872035,11.70906696064487
1277,16.26916448161136,-0.004543649859712685,11.72551462189867
1278,16.26463134779087,-0.004522606786349696,11.74202456144118
1279,16.2601192672903,-0.004501522802024741,11.75859646526555
1280,16.255628279951,-0.00448039826176455,11.77523001818645
1281,16.25115842521921,-0.004459233521373193,11.79192490384601
1282,16.24670974214425,-0.004438028937424395,11.80868080471986
1283,16.24228226937699,-0.004416784867253843,11.82549740212315
1284,16.2378760451681,-0.00439550166895144,11.84237437621666
1285,16.23349110736638,-0.004374179701353558,11.85931140601282
1286,16.22912751554825,-0.004352819346166381,11.87630816938186
1287,16.22478539371155,-0.004331421050653619,11.89336434305793
1288,16.2204646897306,-0.004309985087085384,11.91047960264522
1289,16.21616544140534,-0.00428851181878119,11.92765362262415
1290,16.21188768619123,-0.004267001609833649,11.94488607635758
1291,16.20763146119884,-0.004245454825101849,11.96217663609699
1292,16.20339680319328,-0.004223871830204546,11.97952497298873
1293,16.19918374859376,-0.004202252991513489,11.99693075708027
1294,16.19499233347312,-0.004180598676146648,12.01439365732647
1295,16.19082259355731,-0.004158909251961417,12.0319133415959
1296,16.18667456422495,-0.004137185087547822,12.04948947667713
1297,16.18254828050679,-0.004115426552221729,12.06712172828506
1298,16.1784437770853,-0.004093634016017958,12.08480976106734
1299,16.1743610882941,-0.004071807849683442,12.10255323861066
1300,16.17030024811757,-0.004049948424670365,12.12035182344721
1301,16.16626129019029,-0.004028056113129217,12.13820517706107
1302,16.16224424779661,-0.004006131287901919,12.15611295989469
1303,16.15824915387011,-0.003984174322514843,12.17407483135527
1304,16.15427604099319,-0.003962185591171883,12.19209044982131
1305,16.15032494139653,-0.003940165468747449,12.21015947264908
1306,16.14639588695863,-0.003918114330779488,12.22828155617914
1307,16.14248890920532,-0.003896032553462444,12.24645635574288
1308,16.13860403930928,-0.003873920513640227,12.26468352566905
1309,16.13474130808955,-0.003851778588799183,12.28296271929037
1310,16.13090074601108,-0.003829607157060973,12.3012935889501
1311,16.12708238318418,-0.003807406597175508,12.31967578600868
1312,16.12328624936412,-0.003785177288513815,12.3381089608503
1313,16.11951230982365,-0.003762919546934013,12.35659276288964
1314,16.11576060907668,-0.003740633768498227,12.37512684057845
1315,16.11203120755539,-0.003718320366143097,12.39371084141229
1316,16.10832413229979,-0.003695979720362573,12.41234441193722
1317,16.10463940993911,-0.003673612212182595,12.43102719775651
1318,16.10097706669031,-0.003651218223152899,12.44975884353741
1319,16.09733712835674,-0.003628798135338869,12.46853899301787
1320,16.09371962032659,-0.003606352331313236,12.48736728901335
1321,16.09012456757153,-0.00358388119414793,12.5062433734236
1322,16.08655199464523,-0.003561385107405783,12.52516688723944
1323,16.08300192568194,-0.003538864455132275,12.54413747054967
1324,16.07947438439505,-0.003516319621847238,12.56315476254781
1325,16.07596939407562,-0.00349375099253656,12.58221840153906
1326,16.07248697759099,-0.00347115895264389,12.6013280249471
1327,16.06902715738329,-0.003448543888062259,12.62048326932103
1328,16.06558995546807,-0.003425906185125781,12.63968377034229
1329,16.06217539343277,-0.003403246230601212,12.65892916283156
1330,16.05878349243536,-0.003380564411679648,12.67821908075571
1331,16.05541427320284,-0.003357861115968067,12.69755315723477
1332,16.05206775602985,-0.003335136731480915,12.71693102454893
1333,16.04874396077719,-0.003312391646631717,12.73635231414548
1334,16.04544290687044,-0.003289626250224574,12.75581665664586
1335,16.04216461329844,-0.003266840931445733,12.7753236818527
1336,16.03890909861189,-0.003244036079855091,12.7948730187568
1337,16.03567638092195,-0.003221212085377703,12.81446429554424
1338,16.03246647789872,-0.003198369338295274,12.83409713960345
1339,16.02927942075253,-0.003175508243220292,12.85377117753223
1340,16.02611534970884,-0.003152629314563868,12.87348603514497
1341,16.02297416728498,-0.003129732829805322,12.89324133747966
1342,16.01985589120688,-0.00310681918240182,12.91303670880506
1343,16.01676053882895,-0.003083888766201085,12.93287177262786
1344,16.01368812713408,-0.003060941975434243,12.95274615169983
1345,16.01063867273358,-0.003037979204708593,12.97265946802499
1346,16.00761219186712,-0.003015000849000341,12.99261134286678
1347,16.00460870040272,-0.002992007303647387,13.01260139675533
1348,16.00162821383663,-0.002968998964342035,13.03262924949459
1349,15.99867074729334,-0.0029459762271237,13.05269452016964
1350,15.9957363155255,-0.002922939488371643,13.07279682715386
1351,15.99282493291392,-0.00289988914479766,13.09293578811626
1352,15.98993661346744,-0.002876825593438742,13.1131110200287
1353,15.98707137082295,-0.002853749231649749,13.1333221391732
1354,15.98422921824531,-0.002830660457096075,13.15356876114924
1355,15.98141016862732,-0.002807559667746284,13.17385050088103
1356,15.97861423448964,-0.002784447261864715,13.19416697262492
1357,15.97584142798076,-0.00276132363800413,13.21451778997663
1358,15.97309176087698,-0.002738189194998299,13.23490256587868
1359,15.97036524458229,-0.00271504433195457,13.25532091262772
1360,15.9676618901284,-0.002691889448246499,13.2757724418819
1361,15.96498170817463,-0.002668724943506358,13.29625676466827
1362,15.9623247090079,-0.002645551217617719,13.31677349139018
1363,15.95969090254265,-0.002622368670708001,13.33732223183465
1364,15.95708029832082,-0.002599177703140965,13.35790259517986
1365,15.9544929055118,-0.002575978715509274,13.37851419000252
1366,15.95192866814743,-0.002552772043862079,13.39915662428535
1367,15.94938759385228,-0.002529558088427745,13.41982950542453
1368,15.94686973658427,-0.002506337296347104,13.44053244023717
1369,15.94437510251819,-0.002483110067549443,13.46126503496874
1370,15.94190369739375,-0.002459876802093092,13.48202689530066
1371,15.93945552651447,-0.002436637900156775,13.50281762635769
1372,15.93703059474648,-0.002413393762030946,13.52363683271553
1373,15.93462890651734,-0.002390144788109073,13.54448411840827
1374,15.93225046581491,-0.002366891378878943,13.56535908693596
1375,15.92989527618613,-0.002343633934913978,13.58626134127216
1376,15.92756334073593,-0.002320372856864486,13.60719048387144
1377,15.92525466212597,-0.00229710854544895,13.62814611667702
1378,15.92296924257354,-0.002273841401445285,13.64912784112826
1379,15.92070708385038,-0.002250571825682098,13.67013525816828
1380,15.91846818728148,-0.002227300219029907,13.69116796825157
1381,15.91625255374395,-0.002204026982392408,13.71222557135154
1382,15.91406018366583,-0.002180752516697671,13.73330766696816
1383,15.91189107702494,-0.002157477222889364,13.75441385413558
1384,15.9097452333477,-0.002134201501917971,13.77554373142972
1385,15.90762265170795,-0.002110925754731974,13.79669689697598
1386,15.90552333072583,-0.00208765038226904,13.81787294845679
1387,15.90344726856654,-0.002064375785447227,13.83907148311931
1388,15.90139446293924,-0.002041102365156124,13.86029209778312
1389,15.89936491109585,-0.002017830522248035,13.88153438884782
1390,15.89735860982988,-0.001994560657529133,13.90279795230075
1391,15.89537555547528,-0.001971293171750597,13.92408238372468
1392,15.89341574654191,-0.001948028468236437,13.94538727830547
1393,15.8914793475274,-0.001924767116687606,13.96671223083979
1394,15.88956620900877,-0.001901509373265945,13.98805683574282
1395,15.88767632760179,-0.001878255640545806,14.00942068705599
1396,15.88580969954618,-0.001855006321091546,14.03080337845463
1397,15.88396632070602,-0.001831761817450234,14.05220450325579
1398,15.88214618657028,-0.001808522532144375,14.07362365442591
1399,15.88034929225323,-0.001785288867664644,14.09506042458858
1400,15.87857563249486,-0.001762061226462558,14.1165144060323
1401,15.87682520166143,-0.001738840010943196,14.13798519071823
1402,15.87509799374581,-0.001715625623457898,14.15947237028792
1403,15.87339400236804,-0.001692418466296935,14.18097553607111
1404,15.8717132207757,-0.001669218941682187,14.20249427909352
1405,15.87005564184443,-0.001646027451759867,14.22402819008456
1406,15.8684212580783,-0.001622844398593111,14.24557685948519
1407,15.86681006161038,-0.001599670184154711,14.26713987745567
1408,15.86522204420309,-0.001576505210319743,14.28871683388335
1409,15.8636571972487,-0.001553349878858226,14.31030731839048
1410,15.8621155117698,-0.001530204591427767,14.33191092034203
1411,15.8605969784197,-0.001507069749566225,14.35352722885347
1412,15.85910158748293,-0.001483945754684317,14.37515583279862
1413,15.85762932887571,-0.001460833008058275,14.39679632081743
1414,15.85618019214632,-0.001437731910822487,14.41844828132383
1415,15.85475416647565,-0.001414642863962085,14.44011130251357
1416,15.8533512406776,-0.001391566268305601,14.461784972372
1417,15.85197140319954,-0.001368502524517581,14.48346887868196
1418,15.85061464212278,-0.001345452033091172,14.50516260903161
1419,15.84928088009798,-0.001322415129275731,14.52686575082225
1420,15.84797008132063,-0.001299392190044452,14.54857789127617
1421,15.84668229773843,-0.001276383680293891,14.57029861744454
1422,15.84541751418859,-0.001253389997973363,14.59202751621523
1423,15.84417571507048,-0.001230411540749847,14.61376417432064
1424,15.84295688434484,-0.001207448705999205,14.63550817834563
1425,15.8417610055328,-0.001184501890797458,14.65725911473534
1426,15.84058806171512,-0.001161571491912058,14.67901656980306
1427,15.83943803553119,-0.001138657905793114,14.70078012973808
1428,15.83831090917826,-0.001115761528564654,14.7225493806136
1429,15.83720666441049,-0.001092882756015902,14.74432390839459
1430,15.8361252825381,-0.001070021983592472,14.76610329894563
1431,15.83506674442651,-0.001047179606387665,14.78788713803884
1432,15.8340310304954,-0.001024356019133682,14.80967501136171
1433,15.8330181207179,-0.001001551616192875,14.83146650452503
1434,15.83202799461969,-0.0009787667915489831,14.85326120307071
1435,15.8310606312781,-0.0009560019387983853,14.87505869247972
1436,15.83011600932126,-0.0009332574511413299,14.89685855817993
1437,15.82919410692721,-0.0009105337213731631,14.91866038555405
1438,15.82829490182302,-0.0008878311418755835,14.94046375994744
1439,15.82741837128391,-0.0008651501046078636,14.96226826667605
1440,15.82656449213239,-0.0008424910010980806,14.98407349103431
1440,15.82656449213239,-0.0008424910010980806,14.98407349103431
